<?xml version='1.0' encoding='utf-8' standalone='yes' ?>
<map>
    <long name="first_open_time" value="1758604041046" />
    <boolean name="has_been_opened" value="true" />
    <string name="health_monitor:value">2EC136000:Uploading is not possible. App measurement disabled</string>
    <boolean name="app_backgrounded" value="false" />
    <long name="session_id" value="1758604043" />
    <boolean name="allow_remote_dynamite" value="true" />
    <long name="health_monitor:start" value="1758604041182" />
    <boolean name="use_service" value="true" />
    <long name="last_pause_time" value="1758604123978" />
    <long name="health_monitor:count" value="3" />
    <boolean name="start_new_session" value="false" />
</map>
